<?xml version="1.0" encoding="utf-8"?>
<root>
  <resheader name="resmimetype">
    <value>text/xml</value>
  </resheader>
  <resheader name="version">
    <value>1.0</value>
  </resheader>
  <data name="DisplayName" xml:space="preserve">
    <value>Remote File Browser</value>
    <comment>The display name of the file browser extension</comment>
  </data>
  <data name="Description" xml:space="preserve">
    <value>Use this page to manage files on the remote device.</value>
    <comment>The description of the file browser extension</comment>
</data>
</root>