<?xml version="1.0" encoding="utf-8"?>
<root>
  <resheader name="resmimetype">
    <value>text/xml</value>
  </resheader>
  <resheader name="version">
    <value>1.0</value>
  </resheader>
  <data name="DisplayName" xml:space="preserve">
    <value>Network Configuration</value>
    <comment>The display name of the network configuration extension</comment>
  </data>
  <data name="Description" xml:space="preserve">
    <value>Configure the settings for each network adapter on your system.</value>
    <comment>The description of the network configuration extension</comment>
</data>
</root>