<?xml version="1.0" encoding="utf-8"?>
<root>
  <resheader name="resmimetype">
    <value>text/xml</value>
  </resheader>
  <resheader name="version">
    <value>1.0</value>
  </resheader>
  <data name="DisplayName" xml:space="preserve">
    <value>Time Configuration</value>
    <comment>The display name of the time configuration extension</comment>
  </data>
  <data name="Description" xml:space="preserve">
    <value>Configure the current time of your RT target or setup a time synchronization protocol.</value>
    <comment>The description of the time configuration extension</comment>
</data>
</root>