<?xml version="1.0" encoding="utf-8"?>
<root>
  <resheader name="resmimetype">
    <value>text/xml</value>
  </resheader>
  <resheader name="version">
    <value>1.0</value>
  </resheader>
  <data name="DisplayName" xml:space="preserve">
    <value>Console</value>
    <comment>The display name of the console extension</comment>
  </data>
  <data name="Description" xml:space="preserve">
    <value>Use this page to view console output for an RT target.  This information can be useful when debugging on an RT target.</value>
    <comment>The description of the console extension</comment>
</data>
</root>